Synthesizable,material_id,formula,crystal_system,Space Group Symbol,Space Group Number,Sites,energy_above_hull,formation_energy,predicted_stable,Volume,density,band_gap,Is Gap Direct,is_metal,Magnetic Ordering,Total Magnetization,"Bulk Modulus, Voigt","Bulk Modulus, Reuss","Bulk Modulus, VRH","Shear Modulus, Voigt","Shear Modulus, Reuss","Shear Modulus, VRH",Elastic Anisotropy,Weighted Surface Energy,Surface Anisotropy,Shape Factor,Work Function,Piezoelectric Modulus,Total Dielectric Constant,Ionic Dielectric Constant,Static Dielectric Constant
True,mp-531021,Li11Mn13O32,Monoclinic,C2/m,12,56,0.011941235309513,-2.030552595353038,False,568.5983954091776,3.803907934023096,0.0,False,True,FM,37.9994211,,,,,,,,,,,,,,,
True,mp-759819,Li13Mn17O40,Monoclinic,C2/m,12,70,0.013613862214258,-2.045641956116584,False,705.5218579926997,3.916810839216696,0.0,False,True,FM,52.0000039,,,,,,,,,,,,,,,
True,mp-530398,Li13Mn21O48,Monoclinic,Cm,8,82,0.011522344532531,-2.013090367315672,False,853.6170404791101,3.913750091742296,0.0,False,True,FM,64.0015512,,,,,,,,,,,,,,,
True,mp-770530,Li14Mn2O9,Trigonal,P-3,147,50,0.0473939592,-2.00955945110115,False,493.1209483416293,2.36422088263686,2.5922,True,False,AFM,2.76e-05,,,,,,,,,,,,,,,
True,mp-1003313,Li2Mn3O6,Monoclinic,C2/m,12,22,0.044186239090902,-2.060895768223616,False,213.923736791778,4.264488761383858,0.0487,False,False,AFM,2.899999999999999e-06,,,,,,,,,,,,,,,
True,mp-762412,Li2Mn3O6,Monoclinic,C2/m,12,22,0.031172986818175,-2.073909020496343,False,227.4868268829236,4.010233840095188,0.8591000000000001,False,False,AFM,1e-07,,,,,,,,,,,,,,,
True,mp-770534,Li2Mn3O7,Triclinic,P-1,2,24,0.013383061006948,-2.011608467954981,False,234.19061450014377,4.122328432702853,1.416199999999999,False,False,FM,17.9999998,,,,,,,,,,,,,,,
False,mp-19279,Li2MnO2,Trigonal,P-3m1,164,5,0.027874728000002,-2.02211192691954,False,45.6460801235464,3.667645289997864,2.4263,False,False,FM,5.0000001,,,,,,,,,,,,,13.27559292333494,9.568040320001606,3.707552603333333
False,mp-18988,Li2MnO3,Monoclinic,C2/m,12,24,0.0,-2.180112729932952,True,195.4673833959864,3.969588299469367,1.368399999999999,True,False,FM,12.0000012,,,,,,,,,,,,,17.193611733333334,11.63957881666667,5.554032916666666
True,mp-1173947,Li3Mn2O5,Triclinic,P-1,2,20,0.022656905999987,-2.149358717586207,False,181.11593779157567,3.863482064482822,0.943099999999999,False,False,AFM,9e-07,,,,,,,,,,,,,,,
True,mp-1173952,Li3Mn2O5,Monoclinic,C2/m,12,20,0.022786131999987,-2.149229491586207,False,180.81091454495277,3.86999965688339,1.4069,False,False,AFM,0.0,,,,,,,,,,,,,,,
True,mp-1173962,Li3Mn2O5,Triclinic,P-1,2,20,0.021640222999987,-2.1503754005862072,False,180.9942135969892,3.866080375408086,1.0029,False,False,AFM,8e-07,,,,,,,,,,,,,,,
True,mp-1173969,Li3Mn2O5,Triclinic,P-1,2,20,0.046176426999988,-2.125839196586207,False,183.96818956773748,3.803582450280591,0.9598,False,False,AFM,9.199999999999997e-06,,,,,,,,,,,,,,,
True,mp-1174015,Li3Mn2O5,Monoclinic,C2/m,12,20,0.047992715999988,-2.124022907586207,False,182.2115088738797,3.840252361523842,1.0038,False,False,FM,14.008655,,,,,,,,,,,,,,,
True,mp-33461,Li3Mn3O8,Trigonal,R-3m,166,14,0.045589849095232,-1.9626407702709368,False,141.7448598952441,3.6741984520734814,0.0,False,True,FM,8.0001837,,,,,,,,,,,,,,,
True,mp-770608,Li3Mn3O8,Cubic,P4_332,212,56,0.031071843380946,-1.977158775985222,False,566.6596267265469,3.676272105884829,0.0,False,True,FM,32.0033864,,,,,,,,,,,,,,,
True,mp-1045540,Li3Mn4O8,Monoclinic,Cm,8,15,0.037367104000007,-2.084970213448276,False,151.13637343546625,4.04949186532477,0.594599999999999,False,False,FiM,1.0000039,,,,,,,,,,,,,,,
True,mp-753028,Li3Mn4O8,Monoclinic,C2/m,12,15,0.027425578000007,-2.094911739448276,False,150.6555037477213,4.062417233733914,1.2818,False,False,FiM,0.999999899999999,,,,,,,,,,,,,,,
True,mp-753674,Li3Mn4O8,Monoclinic,C2/m,12,30,0.02657652433334,-2.095760793114943,False,304.3176820080049,4.022280340355039,0.76,False,False,FiM,22.0013201,,,,,,,,,,,,,,,
True,mp-770710,Li3Mn7O16,Trigonal,R3m,160,26,0.041005662155451,-1.886640759058356,False,278.6444728802107,3.941391132801728,0.0,False,True,FM,20.0002477,,,,,,,,,,,,,,,
True,mp-1222562,Li3Mn8O16,Tetragonal,P-4m2,115,27,0.043231763743826,-1.974109910498084,False,295.69146720375767,4.02268498251845,0.0,False,True,FM,27.0010923,,,,,,,,,,,,,,,
True,mp-531365,Li3Mn8O16,Orthorhombic,Pmmn,59,54,0.031825638558641,-1.9855160356832704,False,590.5434155952339,4.028403647106899,0.0,False,True,FM,54.0039983,,,,,,,,,,,,,,,
True,mp-756408,Li3MnO3,Tetragonal,P4_2/mnm,136,28,0.016778587142858,-2.100974783990147,False,276.8570480797165,2.969143283161038,1.5521,True,False,AFM,0.0,,,,,,,,,,,,,,,
True,mp-698705,Li4Mn13O24,Triclinic,P1,1,41,0.029626181502027,-2.010638674303336,False,453.6110535935818,4.121756494229426,0.0,False,True,FM,47.0022397,,,,,,,,,,,,,,,
True,mp-1174220,Li4Mn3O7,Triclinic,P-1,2,28,0.024999051428558,-2.143546383723317,False,258.73941760498246,3.909392101266365,0.0,False,True,FM,21.9993365,,,,,,,,,,,,,,,
True,mp-1174244,Li4Mn3O7,Triclinic,P-1,2,28,0.02586872035713,-2.142676714794746,False,258.34055131576287,3.915428028311479,1.055599999999999,False,False,FM,22.0006248,,,,,,,,,,,,,,,
True,mp-1174248,Li4Mn3O7,Triclinic,P-1,2,28,0.025308212142843,-2.143237223009031,False,258.9546994278395,3.906142030656784,0.8759999999999991,False,False,FM,22.0026482,,,,,,,,,,,,,,,
True,mp-1174275,Li4Mn3O7,Triclinic,P-1,2,28,0.032750036785701,-2.135795398366174,False,259.82828478978075,3.893008939690932,0.7262000000000001,False,False,FM,22.0015169,,,,,,,,,,,,,,,
True,mp-1174283,Li4Mn3O7,Triclinic,P-1,2,28,0.046666514999986,-2.121878920151889,False,258.37005150705664,3.91498097233437,0.0,False,True,FM,22.0037804,,,,,,,,,,,,,,,
True,mp-1174285,Li4Mn3O7,Triclinic,P-1,2,28,0.027696310357129,-2.140849124794746,False,258.23122267905137,3.917085722543944,0.005199999999999,False,False,FM,22.0000001,,,,,,,,,,,,,,,
True,mp-1174287,Li4Mn3O7,Triclinic,P-1,2,28,0.029939179285701,-2.138606255866174,False,257.7556780645345,3.924312523652434,0.886699999999999,False,False,FM,22.0016745,,,,,,,,,,,,,,,
True,mp-1174288,Li4Mn3O7,Triclinic,P-1,2,28,0.026384535714273,-2.1421608994376022,False,259.13683357464254,3.9033966013936734,0.9137,False,False,FM,22.0003793,,,,,,,,,,,,,,,
True,mp-1174294,Li4Mn3O7,Triclinic,P-1,2,28,0.02842843785713,-2.140116997294746,False,260.4742125874345,3.88335499865131,0.8471000000000001,False,False,FM,22.0002861,,,,,,,,,,,,,,,
True,mp-1174296,Li4Mn3O7,Triclinic,P-1,2,28,0.023999256785701,-2.144546178366174,False,257.8889713454531,3.922284191502756,0.9933,False,False,FM,22.0019168,,,,,,,,,,,,,,,
True,mp-1174297,Li4Mn3O7,Triclinic,P-1,2,28,0.030429804999986,-2.138115630151889,False,258.5971726340811,3.911542516756304,0.8592000000000001,False,False,FM,21.9993133,,,,,,,,,,,,,,,
True,mp-1174299,Li4Mn3O7,Monoclinic,C2/m,12,28,0.044723666428558,-2.123821768723317,False,260.0494908668266,3.889697426822428,1.198099999999999,False,False,FM,22.0008915,,,,,,,,,,,,,,,
True,mp-1174308,Li4Mn3O7,Triclinic,P-1,2,28,0.028915499642844,-2.139629935509032,False,260.25315422829686,3.886653510388839,0.8441999999999991,False,False,FM,22.0008012,,,,,,,,,,,,,,,
True,mp-1174312,Li4Mn3O7,Triclinic,P-1,2,28,0.028373041428558,-2.140172393723317,False,261.1726548946108,3.872969916698772,0.6667000000000001,False,False,FM,22.0010545,,,,,,,,,,,,,,,
True,mp-1174316,Li4Mn3O7,Triclinic,P-1,2,28,0.047833623214272,-2.120711811937603,False,258.8372161901455,3.907914983632437,0.489,False,False,FM,22.0012958,,,,,,,,,,,,,,,
True,mp-1174320,Li4Mn3O7,Triclinic,P-1,2,28,0.033548233571416,-2.13499720158046,False,260.7455487202535,3.879313915177905,0.7222000000000001,False,False,FM,22.0014611,,,,,,,,,,,,,,,
True,mp-1174326,Li4Mn3O7,Triclinic,P-1,2,28,0.047692522499986,-2.120852912651889,False,257.2934848312189,3.931362024711654,0.5547999999999991,False,False,FM,22.0000001,,,,,,,,,,,,,,,
True,mp-1174330,Li4Mn3O7,Triclinic,P-1,2,28,0.044460297142844,-2.124085138009031,False,260.0913304901093,3.88907171017622,0.6903,False,False,FM,21.9999983,,,,,,,,,,,,,,,
True,mp-1174337,Li4Mn3O7,Monoclinic,C2/m,12,28,0.025670404999987,-2.142875030151888,False,260.024807430728,3.890066665045606,0.9809,False,False,FM,22.0001828,,,,,,,,,,,,,,,
True,mp-1174348,Li4Mn3O7,Triclinic,P-1,2,28,0.040299268571415,-2.12824616658046,False,260.31169015023875,3.885779524105826,0.791199999999999,False,False,FiM,6.0,,,,,,,,,,,,,,,
True,mp-1174351,Li4Mn3O7,Monoclinic,C2/m,12,28,0.040581942499986,-2.127963492651889,False,260.3603419292989,3.88505341472418,1.1959,False,False,FiM,6.0,,,,,,,,,,,,,,,
True,mp-1174359,Li4Mn3O7,Monoclinic,C2/m,12,28,0.043028229642844,-2.125517205509031,False,259.81225064623663,3.893249194197801,1.162399999999999,False,False,FM,22.0009911,,,,,,,,,,,,,,,
True,mp-1174373,Li4Mn3O7,Monoclinic,C2/m,12,28,0.045252754642844,-2.123292680509031,False,261.22253526419075,3.87223037418334,1.065,False,False,FM,21.999866,,,,,,,,,,,,,,,
True,mp-1174378,Li4Mn3O7,Monoclinic,C2/m,12,28,0.039990112499987,-2.128555322651888,False,261.3772128961179,3.869938868286866,1.1789,False,False,FM,21.9993841,,,,,,,,,,,,,,,
True,mp-1174387,Li4Mn3O7,Monoclinic,C2/m,12,28,0.04311232785713,-2.125433107294745,False,260.57046120901447,3.881920578326029,0.857499999999999,False,False,FM,22.0005118,,,,,,,,,,,,,,,
True,mp-1174410,Li4Mn3O7,Monoclinic,C2/m,12,28,0.042179569642843,-2.126365865509032,False,261.568907681108,3.867102724244145,0.8977,False,False,FM,21.9993797,,,,,,,,,,,,,,,
True,mp-771777,Li4Mn3O8,Trigonal,R-3m,166,15,0.038543417333329,-2.082676992475095,False,145.72066510213483,3.653047741064356,1.1229,False,False,FM,9.0001601,,,,,,,,,,,,,,,
True,mp-779008,Li4Mn3O8,Trigonal,R32,155,60,0.026494299333328,-2.094726110475096,False,576.8656962022792,3.691150643778883,1.7479,False,False,FM,36.002924,,,,,,,,,,,,,,,
True,mp-691115,Li4Mn5O12,Monoclinic,C2/c,15,42,0.0,-2.053914901094687,True,397.4633364794207,4.131443210079115,1.0113,False,False,FM,30.0000017,,,,,,,,,,,,,,,
True,mp-705961,Li5Mn12O24,Monoclinic,Cm,8,123,0.026043066087392,-2.010304827687134,False,1340.8308335789875,4.004919844187697,0.0,False,True,FM,120.9831691,,,,,,,,,,,,,,,
True,mp-1174498,Li5Mn3O8,Monoclinic,C2/m,12,16,0.036606972187489,-2.138445066278735,False,142.60287041967106,3.813740540695311,0.699199999999999,False,False,FM,10.0033247,,,,,,,,,,,,,,,
True,mp-1174519,Li5Mn3O8,Monoclinic,C2/m,12,16,0.036352542187489,-2.138699496278735,False,142.00697832220928,3.829743823610138,0.004599999999999,False,False,FM,9.9994485,,,,,,,,,,,,,,,
True,mp-1174554,Li5Mn3O8,Monoclinic,C2/m,12,32,0.038401015937489,-2.136651022528736,False,285.37522002154515,3.811475629159114,0.652899999999999,False,False,AFM,1.899999999999999e-06,,,,,,,,,,,,,,,
True,mp-1174646,Li5Mn3O8,Monoclinic,P2/m,10,16,0.038321758437489,-2.136730280028735,False,142.848279738856,3.807188641916053,0.0,False,True,FM,10.0005004,,,,,,,,,,,,,,,
True,mp-1174737,Li5Mn3O8,Triclinic,P-1,2,16,0.031739005937488,-2.143313032528736,False,142.61674429550408,3.813369536834703,0.0062,False,False,FM,10.000371,,,,,,,,,,,,,,,
True,mp-1174741,Li5Mn3O8,Triclinic,P-1,2,16,0.030264895937489,-2.144787142528735,False,142.44871011960154,3.817867832445775,0.7887000000000001,False,False,FM,10.0009293,,,,,,,,,,,,,,,
True,mp-1277600,Li5Mn3O8,Monoclinic,C2/m,12,32,0.026111960624989,-2.148940077841235,False,285.49362460427267,3.809894871683103,0.8290000000000001,False,False,FiM,14.0071023,,,,,,,,,,,,,,,
True,mp-1284734,Li5Mn3O8,Triclinic,P1,1,32,0.024967119062488,-2.150084919403736,False,285.9716796662464,3.803525920984483,1.188699999999999,False,False,AFM,4.9000000000000005e-06,,,,,,,,,,,,,,,
True,mp-1290794,Li5Mn3O8,Triclinic,P-1,2,32,0.025091993749988,-2.149960044716236,False,285.4659926221769,3.810263654478959,0.4891,False,False,FM,20.0013718,,,,,,,,,,,,,,,
True,mp-1297800,Li5Mn3O8,Monoclinic,C2/c,15,32,0.035156416874989,-2.139895621591235,False,286.6509843583679,3.794512336012801,1.1807,False,False,FM,20.0012526,,,,,,,,,,,,,,,
True,mp-1314325,Li5Mn3O8,Monoclinic,C2/c,15,32,0.039361514062489,-2.135690524403736,False,285.2143616672615,3.813625267394421,0.832199999999999,False,False,FM,20.0009306,,,,,,,,,,,,,,,
True,mp-1315117,Li5Mn3O8,Triclinic,P-1,2,32,0.025730658124989,-2.149321380341235,False,286.465447714075,3.796969948584123,0.7046,False,False,FiM,13.9935536,,,,,,,,,,,,,,,
True,mp-1316353,Li5Mn3O8,Triclinic,P1,1,32,0.043199800937489,-2.131852237528735,False,284.47379127525664,3.823553274985466,0.4465,False,False,FM,20.0018566,,,,,,,,,,,,,,,
True,mp-1638896,Li5Mn6O12,Triclinic,P1,1,23,0.027114572826088,-2.110002701054474,False,230.4165051803447,4.009266490176111,1.2066,False,False,FiM,1.0000629,,,,,,,,,,,,,,,
True,mp-756143,Li5Mn6O12,Triclinic,P-1,2,23,0.042371037173914,-2.094746236706648,False,230.09139216181856,4.014931477112172,0.0,False,True,FM,23.0000057,,,,,,,,,,,,,,,
True,mp-530177,Li5Mn7O16,Orthorhombic,Pnnm,58,56,0.0,-2.067267194185139,True,530.0250331855946,4.231115089781728,0.871,False,False,FM,40.0086139,,,,,,,,,,,,,,,
True,mp-770510,Li5MnO4,Orthorhombic,Pbca,61,80,0.043156893249999,-2.05774984070977,False,793.3017497529639,2.572804543235346,0.812,True,False,FM,32.0018746,,,,,,,,,,,,,,,
True,mp-774621,Li5MnO4,Orthorhombic,Aea2,41,20,0.041395214000001,-2.05951151995977,False,201.9500378937839,2.526627832318667,1.5718,False,False,FM,7.998771599999999,,,,,,,,,,,,,,,
True,mp-761797,Li6Mn15O32,Triclinic,P-1,2,53,0.048353985111636,-1.936551737338972,False,579.9214661222896,3.944879803278843,0.0,False,True,FiM,46.9998837,,,,,,,,,,,,,,,
True,mp-764759,Li6Mn5O12,Monoclinic,C2,5,23,0.04584020652174,-2.098388264767616,False,212.6279018050683,3.969846842927683,0.3102,False,False,FM,17.0007348,,,,,,,,,,,,,,,
True,mp-779719,Li6Mn5O12,Triclinic,P1,1,46,0.042480035869566,-2.10174843541979,False,435.9171547299681,3.8727551579018353,0.7128000000000001,False,False,FM,34.0029567,,,,,,,,,,,,,,,
True,mp-867994,Li6Mn9O20,Monoclinic,C2/m,12,70,0.021440650999985,-2.045994372896552,False,719.6081049987432,3.95089578514257,0.0,False,True,FM,57.9997619,,,,,,,,,,,,,,,
True,mp-770533,Li6MnO4,Tetragonal,P4_2/nmc,137,44,0.005511122272729,-2.050808946630094,False,397.8190855435562,2.681139287594058,3.0413,False,False,AFM,0.0,,,,,,,,,,,,,,,
True,mp-675534,Li7Mn10O24,Monoclinic,C2,5,41,0.021545537017275,-1.986158178357164,False,422.1586028620855,3.862461619963036,0.0,False,True,FiM,29.0017102,,,,,,,,,,,,,,,
True,mp-34461,Li7Mn11O24,Triclinic,P-1,2,42,0.041071630595237,-2.026475279775588,False,435.17320653070175,3.956581299624837,0.909799999999999,False,False,FM,36.0018238,,,,,,,,,,,,,,,
True,mp-690435,Li7Mn11O24,Monoclinic,C2,5,42,0.04096827345238,-2.026578636918446,False,433.3066892091026,3.973624718787242,0.8300000000000001,False,False,FM,36.0015325,,,,,,,,,,,,,,,
True,mp-757896,Li7Mn14O32,Trigonal,R3m,160,53,0.029322777063682,-1.936454344044676,False,560.4591669283288,3.939661693805748,0.0,False,True,FM,41.0000171,,,,,,,,,,,,,,,
True,mp-694974,Li7Mn16O32,Triclinic,P1,1,55,0.018882106631816,-2.026796113095089,False,592.8230177440645,4.032355322363847,0.2915,True,False,FM,55.00241,,,,,,,,,,,,,,,
True,mp-699179,Li7Mn17O32,Monoclinic,C2,5,56,0.015897938214286,-2.049996266752873,False,607.249521822487,4.086787608061159,0.0,False,True,FM,62.002429,,,,,,,,,,,,,,,
True,mp-764763,Li7Mn4O12,Triclinic,P1,1,23,0.042811459884055,-2.071085411524238,False,209.26249103866303,3.65282489279983,0.0,False,True,FM,11.0002041,,,,,,,,,,,,,,,
True,mp-1175308,Li7Mn5O12,Triclinic,P-1,2,48,0.025868082083321,-2.144123264916188,False,441.2295524811263,3.878371253915764,0.986499999999999,False,False,FiM,28.0106751,,,,,,,,,,,,,,,
True,mp-1175313,Li7Mn5O12,Triclinic,P-1,2,48,0.023691507499989,-2.146299839499521,False,441.8700877656158,3.872749163389011,1.0098,False,False,AFM,2.499999999999999e-06,,,,,,,,,,,,,,,
True,mp-1175314,Li7Mn5O12,Triclinic,P-1,2,24,0.013231291458321,-2.156760055541188,False,206.98934191174493,4.133671803861651,0.9682,False,False,FM,17.9999998,,,,,,,,,,,,,,,
True,mp-1175316,Li7Mn5O12,Triclinic,P-1,2,24,0.039423706874988,-2.130567640124522,False,220.6639171702988,3.8775075568885313,0.0,False,True,FM,18.0030375,,,,,,,,,,,,,,,
True,mp-1175317,Li7Mn5O12,Triclinic,P-1,2,48,0.028707546874987,-2.141283800124522,False,441.414607637575,3.876745316335219,0.0,False,True,FiM,30.0105157,,,,,,,,,,,,,,,
True,mp-1175318,Li7Mn5O12,Triclinic,P-1,2,48,0.042509364791655,-2.127481982207854,False,440.7910293707859,3.882229670516823,0.6867999999999991,False,False,AFM,8.410000000000002e-05,,,,,,,,,,,,,,,
True,mp-1175321,Li7Mn5O12,Triclinic,P-1,2,48,0.041633164999988,-2.128358181999521,False,440.7795358359511,3.882330901491328,0.0,False,True,FM,36.0015285,,,,,,,,,,,,,,,
True,mp-1175323,Li7Mn5O12,Triclinic,P-1,2,48,0.041676431666655,-2.128314915332855,False,441.3382099715248,3.877416398710023,0.6768000000000001,False,False,AFM,0.0013132,,,,,,,,,,,,,,,
True,mp-1175325,Li7Mn5O12,Triclinic,P-1,2,24,0.030586176458322,-2.139405170541188,False,222.19298056513,3.850823748726187,0.8407,False,False,FiM,1.999945799999999,,,,,,,,,,,,,,,
True,mp-1175326,Li7Mn5O12,Triclinic,P-1,2,48,0.040147361041655,-2.129843985957854,False,442.3619066505577,3.868443432839968,0.863799999999999,False,False,AFM,0.0003229,,,,,,,,,,,,,,,
True,mp-1175328,Li7Mn5O12,Triclinic,P-1,2,24,0.040602121458321,-2.129389225541188,False,219.69554366193591,3.8945988257143833,0.0,False,True,FM,18.0018679,,,,,,,,,,,,,,,
True,mp-1175331,Li7Mn5O12,Triclinic,P-1,2,24,0.035586320624989,-2.134405026374521,False,221.17112972145853,3.868615254794007,0.0,False,True,FM,18.0019383,,,,,,,,,,,,,,,
True,mp-1175332,Li7Mn5O12,Triclinic,P-1,2,24,0.039742459791654,-2.130248887207855,False,220.64612963355168,3.877820144778788,0.0,False,True,FM,17.999796,,,,,,,,,,,,,,,
True,mp-1175334,Li7Mn5O12,Triclinic,P-1,2,24,0.038552203958321,-2.131439143041188,False,219.53427974709905,3.897459692154363,0.0,False,True,FM,18.0005119,,,,,,,,,,,,,,,
True,mp-1175335,Li7Mn5O12,Triclinic,P-1,2,48,0.041285334999987,-2.128706011999522,False,441.0998135044916,3.87951198420421,0.6698000000000001,False,False,AFM,0.001249,,,,,,,,,,,,,,,
True,mp-1175337,Li7Mn5O12,Triclinic,P-1,2,24,0.037387440624988,-2.132603906374521,False,220.33743745235807,3.883252960793212,0.0,False,True,FM,18.0006871,,,,,,,,,,,,,,,
True,mp-1175343,Li7Mn5O12,Triclinic,P-1,2,48,0.032698413958321,-2.137292933041188,False,444.2169719262421,3.8522886806879,0.494899999999999,False,False,FiM,28.0071475,,,,,,,,,,,,,,,
True,mp-1175344,Li7Mn5O12,Triclinic,P-1,2,24,0.048051596874988,-2.121939750124521,False,222.3887261621292,3.847434270281656,0.6739,False,False,FM,18.0006193,,,,,,,,,,,,,,,
True,mp-1175347,Li7Mn5O12,Monoclinic,C2/m,12,48,0.042277403333321,-2.127713943666188,False,443.9732042127391,3.854403816454055,0.0,False,True,FiM,0.000704099999999,,,,,,,,,,,,,,,
True,mp-1175349,Li7Mn5O12,Triclinic,P-1,2,24,0.023992494374987,-2.145998852624522,False,222.24079822210277,3.84999519982539,1.0023,False,False,FiM,1.9999593,,,,,,,,,,,,,,,
True,mp-1175354,Li7Mn5O12,Monoclinic,C2/m,12,48,0.022280214999988,-2.147711131999521,False,444.19885984222384,3.852445756679207,1.248799999999999,False,False,FiM,28.0019253,,,,,,,,,,,,,,,
True,mp-1175357,Li7Mn5O12,Monoclinic,P2/m,10,48,0.046396769583322,-2.123594577416188,False,442.0493748517322,3.871178447644877,1.2066,False,False,FiM,27.9362827,,,,,,,,,,,,,,,
True,mp-1175359,Li7Mn5O12,Monoclinic,C2/m,12,48,0.043944646666655,-2.126046700332855,False,442.8107535220103,3.864522257217174,0.9062,False,False,AFM,0.0001512,,,,,,,,,,,,,,,
True,mp-1175362,Li7Mn5O12,Monoclinic,C2/m,12,24,0.045322713124988,-2.124668633874521,False,221.9554611421389,3.854944599955218,0.9306,False,False,FM,18.0003445,,,,,,,,,,,,,,,
True,mp-1175363,Li7Mn5O12,Monoclinic,P2/m,10,48,0.025763791874989,-2.144227555124521,False,439.9998350078462,3.88921057820488,0.877699999999999,False,False,AFM,0.0011373,,,,,,,,,,,,,,,
True,mp-1175365,Li7Mn5O12,Monoclinic,C2/m,12,24,0.045129759374987,-2.124861587624522,False,221.16481545027227,3.868725704034245,0.0,False,True,FiM,2.0029351,,,,,,,,,,,,,,,
True,mp-1232439,Li7Mn5O12,Triclinic,P-1,2,24,0.032661624374988,-2.137329722624522,False,220.40573840188867,3.882049589835573,0.083099999999999,False,False,FiM,4.0000724,,,,,,,,,,,,,,,
True,mp-1638910,Li7Mn5O12,Monoclinic,C2/m,12,48,0.040605801041654,-2.129385545957855,False,445.8930025125911,3.837808629151104,1.3117,False,False,FiM,27.9337184,,,,,,,,,,,,,,,
True,mp-1639032,Li7Mn5O12,Triclinic,P-1,2,48,0.028821959791655,-2.141169387207854,False,442.2562335627119,3.869367762067421,0.79,False,False,FM,36.0025346,,,,,,,,,,,,,,,
True,mp-1639283,Li7Mn5O12,Triclinic,P-1,2,48,0.031352019583322,-2.138639327416188,False,443.95250929744617,3.854583490087644,0.8968,False,False,FM,36.0033784,,,,,,,,,,,,,,,
True,mp-1639930,Li7Mn5O12,Triclinic,P1,1,48,0.030389134374988,-2.139602212624521,False,442.5353481282572,3.866927286054799,0.9777,False,False,FM,36.0013477,,,,,,,,,,,,,,,
True,mp-1639949,Li7Mn5O12,Triclinic,P1,1,24,0.025178547291655,-2.144812799707855,False,220.20641616220493,3.885563469368672,1.0463,False,False,FiM,4.0000953,,,,,,,,,,,,,,,
True,mp-1640196,Li7Mn5O12,Triclinic,P-1,2,48,0.033169578333321,-2.136821768666188,False,440.46686195798736,3.8850868487903183,0.467099999999999,False,False,FM,36.0050476,,,,,,,,,,,,,,,
True,mp-1640750,Li7Mn5O12,Triclinic,P1,1,24,0.030630199374988,-2.139361147624521,False,221.07909531982767,3.870225744874943,0.9539,False,False,FM,18.0076755,,,,,,,,,,,,,,,
True,mp-1640981,Li7Mn5O12,Triclinic,P1,1,24,0.031370844791655,-2.138620502207855,False,221.9119935497432,3.855699697315656,1.0151,False,False,FM,18.0005559,,,,,,,,,,,,,,,
True,mp-1641274,Li7Mn5O12,Triclinic,P-1,2,48,0.034486868124989,-2.135504478874521,False,443.5759766092231,3.857855481268495,0.5373,False,False,FiM,30.0024331,,,,,,,,,,,,,,,
True,mp-1642266,Li7Mn5O12,Triclinic,P1,1,24,0.026968151458322,-2.143023195541188,False,220.67865041274143,3.87724868155645,0.675199999999999,False,False,FiM,4.0003536,,,,,,,,,,,,,,,
True,mp-1642624,Li7Mn5O12,Triclinic,P-1,2,48,0.032107434999988,-2.137883911999521,False,444.10313819230265,3.853276109884011,0.8197999999999991,False,False,FM,36.0009545,,,,,,,,,,,,,,,
True,mp-1642906,Li7Mn5O12,Triclinic,P-1,2,48,0.029443093958321,-2.140548253041188,False,443.098653626082,3.862011312191873,0.8207,False,False,FM,35.9996762,,,,,,,,,,,,,,,
True,mp-1643099,Li7Mn5O12,Triclinic,P-1,2,48,0.027229094374988,-2.142762252624521,False,440.4951292094962,3.88483753677798,1.2079,False,False,AFM,0.0,,,,,,,,,,,,,,,
True,mp-1643648,Li7Mn5O12,Triclinic,P-1,2,48,0.029440995416655,-2.140550351582854,False,443.81050315520895,3.8558168419967753,0.8451000000000001,False,False,FM,36.0013054,,,,,,,,,,,,,,,
True,mp-1643948,Li7Mn5O12,Triclinic,P-1,2,48,0.029139372916655,-2.140851974082855,False,443.3663486588847,3.859679513109627,1.092699999999999,False,False,FM,36.0013692,,,,,,,,,,,,,,,
True,mp-1643980,Li7Mn5O12,Triclinic,P1,1,48,0.026843641249988,-2.143147705749522,False,440.7264307351392,3.8827987009232,0.8113,False,False,FiM,2.0005593,,,,,,,,,,,,,,,
True,mp-1644001,Li7Mn5O12,Triclinic,P1,1,48,0.027454355208321,-2.142536991791189,False,441.80733388205806,3.873299244909641,1.061999999999999,False,False,AFM,2.899999999999999e-06,,,,,,,,,,,,,,,
True,mp-1644153,Li7Mn5O12,Triclinic,P-1,2,48,0.027980441666655,-2.142010905332855,False,441.9497346265909,3.872051228103523,0.9553,False,False,FiM,1.9998289999999992,,,,,,,,,,,,,,,
True,mp-1644867,Li7Mn5O12,Triclinic,P-1,2,48,0.029151973958321,-2.140839373041188,False,441.47886498613485,3.876181055178397,0.7704000000000001,False,False,FM,36.0027324,,,,,,,,,,,,,,,
True,mp-1646544,Li7Mn5O12,Triclinic,P-1,2,48,0.028595240833322,-2.141396106166187,False,442.6893564206164,3.8655820111812,0.9474999999999992,False,False,FM,36.0030645,,,,,,,,,,,,,,,
True,mp-1646634,Li7Mn5O12,Triclinic,P-1,2,48,0.031564219374988,-2.138427127624521,False,443.26902116156106,3.860526973522037,0.7646000000000001,False,False,FM,36.0027898,,,,,,,,,,,,,,,
True,mp-1646892,Li7Mn5O12,Triclinic,P-1,2,48,0.030102412083322,-2.139888934916188,False,441.8662959041921,3.872782397261547,1.0485,False,False,FM,35.997262,,,,,,,,,,,,,,,
True,mp-1647928,Li7Mn5O12,Triclinic,P1,1,24,0.032110395624989,-2.137880951374521,False,220.83139197993677,3.874566920441252,0.6913,False,False,FM,18.0101053,,,,,,,,,,,,,,,
True,mp-1648171,Li7Mn5O12,Triclinic,P-1,2,48,0.029407322916655,-2.140584024082855,False,443.9464355976373,3.854636225240197,0.8045999999999991,False,False,FM,36.0027121,,,,,,,,,,,,,,,
True,mp-1648875,Li7Mn5O12,Triclinic,P-1,2,48,0.028836967083321,-2.141154379916188,False,440.62298147611614,3.883710302599537,0.7679,False,False,FiM,2.0043506,,,,,,,,,,,,,,,
True,mp-1650669,Li7Mn5O12,Triclinic,P-1,2,48,0.035111719999989,-2.134879626999521,False,444.1525206533929,3.852847688905365,0.526899999999999,False,False,FM,36.0042298,,,,,,,,,,,,,,,
True,mp-1650854,Li7Mn5O12,Triclinic,P-1,2,48,0.030903871249988,-2.139087475749521,False,442.6962101319072,3.8655221652135374,0.824199999999999,False,False,FM,36.0016907,,,,,,,,,,,,,,,
True,mp-1651001,Li7Mn5O12,Triclinic,P-1,2,48,0.029956274999988,-2.140035071999522,False,442.5421738412192,3.866867643071012,0.722599999999999,False,False,FM,36.0028685,,,,,,,,,,,,,,,
True,mp-1651187,Li7Mn5O12,Triclinic,P-1,2,48,0.029890409166655,-2.140100937832855,False,442.3272855268133,3.868746217368911,0.9919,False,False,FiM,30.0048199,,,,,,,,,,,,,,,
True,mp-1651541,Li7Mn5O12,Triclinic,P-1,2,48,0.033312458124989,-2.136678888874521,False,442.4908849461261,3.867315849747423,0.7842,False,False,FM,36.0011308,,,,,,,,,,,,,,,
True,mp-1652638,Li7Mn5O12,Triclinic,P-1,2,48,0.031027498749988,-2.138963848249521,False,443.9401066034959,3.854691178531697,0.7618,False,False,FM,36.0011541,,,,,,,,,,,,,,,
True,mp-1652820,Li7Mn5O12,Triclinic,P1,1,24,0.030952896458322,-2.139038450541187,False,222.32433653482047,3.84854856511154,0.7072,False,False,FM,18.0006774,,,,,,,,,,,,,,,
True,mp-1666644,Li7Mn5O12,Triclinic,P-1,2,48,0.028762978124988,-2.141228368874521,False,442.2465716742117,3.869452297261762,0.605,False,False,FM,36.0006198,,,,,,,,,,,,,,,
True,mp-1666665,Li7Mn5O12,Triclinic,P-1,2,48,0.030238716666655,-2.139752630332854,False,440.1453358198951,3.887924904470989,0.8984999999999991,False,False,FM,36.0031208,,,,,,,,,,,,,,,
True,mp-1666672,Li7Mn5O12,Triclinic,P-1,2,48,0.032613480624988,-2.137377866374521,False,443.4632558122046,3.8588360823418233,0.587399999999999,False,False,FM,36.0003701,,,,,,,,,,,,,,,
True,mp-1666768,Li7Mn5O12,Triclinic,P-1,2,48,0.030611447708321,-2.139379899291188,False,446.1019343229388,3.836011191742828,0.7046,False,False,FM,35.9994808,,,,,,,,,,,,,,,
True,mp-1667148,Li7Mn5O12,Triclinic,P-1,2,48,0.033756748124988,-2.136234598874521,False,440.660464577095,3.883379949601828,0.7629,False,False,FM,36.0020612,,,,,,,,,,,,,,,
True,mp-1977994,Li7Mn5O12,Triclinic,P1,1,48,0.034772707499988,-2.135218639499522,False,441.8103168997288,3.873273093143488,0.6067,False,False,FiM,29.9044164,,,,,,,,,,,,,,,
True,mp-1978357,Li7Mn5O12,Triclinic,P-1,2,48,0.034355026666655,-2.135636320332855,False,441.1976374699867,3.87865180451545,0.6686999999999991,False,False,FiM,1.9901844,,,,,,,,,,,,,,,
True,mp-756600,Li7Mn5O12,Monoclinic,C2,5,24,0.021580592291654,-2.148410754707855,False,216.26015356504573,3.956466284960383,0.728799999999999,False,False,FM,18.0014994,,,,,,,,,,,,,,,
True,mp-764764,Li7Mn5O12,Monoclinic,C2/m,12,48,0.013530875833321,-2.156460471166188,False,438.1188880512419,3.90590786973962,0.638999999999999,False,False,FiM,1.9649359,,,,,,,,,,,,,,,
True,mp-767763,Li7Mn8O20,Monoclinic,C2/m,12,70,0.020821266495225,-2.014819921908045,False,703.8930268224777,3.8126456579645582,0.0,False,True,FM,45.9961556,,,,,,,,,,,,,,,
True,mp-764701,Li8Mn5O10,Triclinic,P1,1,23,0.049697650434781,-2.038509285927037,False,232.2309705264655,3.505202379734456,0.4868,False,False,FM,23.0014766,,,,,,,,,,,,,,,
True,mp-759775,Li8Mn9O18,Triclinic,P1,1,70,0.027648597999999,-2.117269598229885,False,692.357978521682,4.019494837934129,0.6379,False,False,FM,69.9997569,,,,,,,,,,,,,,,
True,mp-755817,Li8MnO6,Trigonal,R-3,148,15,0.030014579999998,-2.078989260306513,False,125.30768094202318,2.735977181373878,1.7875,False,False,FM,2.9999748,,,,,,,,,,,,,,,
True,mp-1185524,Li95Mn16O64,Orthorhombic,Pmm2,25,175,0.012894394142859,-2.04597348419179,False,1703.500246192884,2.497744116133949,0.0,False,True,FM,79.0007452,,,,,,,,,,,,,,,
True,mp-780186,Li9Mn10O20,Triclinic,P1,1,39,0.044645736282051,-2.101805974597701,False,383.3651890654011,4.036236292653973,0.403299999999999,False,False,FM,39.0011217,,,,,,,,,,,,,,,
True,mp-766830,Li9Mn14O32,Monoclinic,Cm,8,55,0.01672804733333,-2.018742169109718,False,570.6020059100235,3.910030268214953,0.0,False,True,FM,43.0003834,,,,,,,,,,,,,,,
True,mp-531804,Li9Mn15O32,Triclinic,P1,1,56,0.008329470803556,-2.059357297660098,False,584.1582890163161,3.9754599529659753,0.5783,False,False,FM,50.0046958,,,,,,,,,,,,,,,
True,mp-767704,Li9Mn15O32,Monoclinic,C2/m,12,56,0.049731564196414,-2.017955204267241,False,552.7532101216543,4.201328624878323,0.0,False,True,FM,49.9998738,,,,,,,,,,,,,,,
True,mp-769450,Li9Mn15O32,Triclinic,P1,1,56,0.005941570803557,-2.0617451976600982,False,587.8105757259646,3.950758935069137,0.5789000000000001,False,False,FM,50.0024866,,,,,,,,,,,,,,,
True,mp-690161,Li9Mn20O40,Triclinic,P1,1,69,0.010431950675119,-2.040790375777113,False,743.4777308882857,4.022948690563852,0.4996,False,False,FM,69.0038446,,,,,,,,,,,,,,,
True,mp-1177178,Li9Mn21O40,Orthorhombic,F222,22,70,0.022079955714279,-2.044256676807882,False,754.6261781327842,4.084405793517538,0.0,False,True,FM,75.999166,,,,,,,,,,,,,,,
True,mp-776365,Li9Mn21O40,Triclinic,P1,1,70,0.005166711714279,-2.061169920807882,False,755.4712198283992,4.079837130798504,0.365699999999999,False,False,FM,75.9991396,,,,,,,,,,,,,,,
True,mp-1100477,Li9Mn7O16,Monoclinic,P2/m,10,32,0.041542892656238,-2.125918108609913,False,298.0121446316228,3.917295605603388,1.1732,False,False,FM,25.9977588,,,,,,,,,,,,,,,
True,mp-1100479,Li9Mn7O16,Monoclinic,P2/m,10,32,0.041415580468738,-2.126045420797413,False,281.9337481183517,4.140695012119795,1.1753,False,False,FM,26.0000013,,,,,,,,,,,,,,,
True,mp-1100481,Li9Mn7O16,Monoclinic,P2/m,10,32,0.025579975156238,-2.141881026109914,False,296.41380396527575,3.938418686866067,0.8933000000000001,False,False,FM,25.9991367,,,,,,,,,,,,,,,
True,mp-1100482,Li9Mn7O16,Monoclinic,P2/m,10,32,0.038386794531238,-2.129074206734913,False,298.8046543728185,3.9069058915171073,1.0428,False,False,FM,26.0010366,,,,,,,,,,,,,,,
True,mp-1100483,Li9Mn7O16,Monoclinic,P2/m,10,32,0.040297129843738,-2.127163871422413,False,297.7450130882528,3.920810133722962,0.8865000000000001,False,False,FM,25.9997583,,,,,,,,,,,,,,,
True,mp-1100484,Li9Mn7O16,Monoclinic,C2/m,12,32,0.037975312031238,-2.129485689234913,False,298.3998399465348,3.912206068177061,1.2165,False,False,FM,26.001075,,,,,,,,,,,,,,,
True,mp-1100485,Li9Mn7O16,Monoclinic,C2/m,12,32,0.043817323593738,-2.123643677672413,False,298.14398930283454,3.915563306547594,1.0529,False,False,FM,25.9980455,,,,,,,,,,,,,,,
True,mp-1100486,Li9Mn7O16,Monoclinic,C2/m,12,32,0.045568984531238,-2.121892016734914,False,297.5919665793231,3.922826539978949,0.0,False,True,FM,26.0017502,,,,,,,,,,,,,,,
True,mp-1100487,Li9Mn7O16,Monoclinic,C2/m,12,32,0.041143436718738,-2.126317564547413,False,300.2610353030672,3.887955902781676,1.2325,False,False,FM,26.0003913,,,,,,,,,,,,,,,
True,mp-1100488,Li9Mn7O16,Monoclinic,C2/m,12,32,0.045589954218738,-2.121871047047413,False,299.0112453959825,3.904206555963806,0.0,False,True,FM,26.0009208,,,,,,,,,,,,,,,
True,mp-1100491,Li9Mn7O16,Monoclinic,C2/m,12,32,0.049835348906237,-2.117625652359914,False,296.51617179297017,3.937059005999126,0.0,False,True,FM,26.0016667,,,,,,,,,,,,,,,
True,mp-1100492,Li9Mn7O16,Monoclinic,C2/m,12,32,0.024584836406238,-2.142876164859913,False,297.6607223602925,3.9219204177327054,0.9062999999999992,False,False,FM,26.0002659,,,,,,,,,,,,,,,
True,mp-1100493,Li9Mn7O16,Monoclinic,C2/m,12,32,0.042265923593737,-2.125195077672414,False,299.75200304705527,3.894558343947539,1.0526,False,False,FM,25.999701,,,,,,,,,,,,,,,
True,mp-1100494,Li9Mn7O16,Monoclinic,C2/m,12,32,0.039536322343738,-2.127924678922413,False,298.8194567920203,3.906712357737849,0.8948,False,False,FM,25.9987785,,,,,,,,,,,,,,,
True,mp-1100495,Li9Mn7O16,Monoclinic,C2/m,12,32,0.044812671406238,-2.122648329859913,False,297.44079882782745,3.9248202303869,0.001099999999999,False,False,FM,26.0012741,,,,,,,,,,,,,,,
True,mp-1100496,Li9Mn7O16,Monoclinic,C2/m,12,32,0.039902767031238,-2.127558234234913,False,300.0837316306111,3.890253091156949,1.1751,False,False,FM,25.997352,,,,,,,,,,,,,,,
True,mp-1100497,Li9Mn7O16,Monoclinic,C2/m,12,32,0.026467518281238,-2.140993482984913,False,296.59014384862814,3.936077070645033,0.9811,False,False,FM,25.9988741,,,,,,,,,,,,,,,
True,mp-1100499,Li9Mn7O16,Monoclinic,C2/m,12,32,0.027337256093738,-2.140123745172413,False,296.53868233290234,3.936760140018902,0.9664,False,False,FM,25.9997664,,,,,,,,,,,,,,,
True,mp-1100500,Li9Mn7O16,Monoclinic,C2/m,12,32,0.049698209218738,-2.117762792047413,False,297.7693964440626,3.920489071485892,0.0,False,True,FM,26.0015811,,,,,,,,,,,,,,,
True,mp-1100501,Li9Mn7O16,Triclinic,P-1,2,32,0.043018460156238,-2.124442541109913,False,296.66724564444365,3.9350541110326382,0.5887,False,False,FM,25.9992067,,,,,,,,,,,,,,,
True,mp-1100502,Li9Mn7O16,Triclinic,P-1,2,32,0.047646563593738,-2.119814437672413,False,297.44418403919565,3.9247755620196063,0.505999999999999,False,False,FM,25.9991299,,,,,,,,,,,,,,,
True,mp-1100505,Li9Mn7O16,Monoclinic,C2/m,12,32,0.027292079531238,-2.140168921734913,False,296.5903876854421,3.936073834665269,0.9934,False,False,FM,25.9997177,,,,,,,,,,,,,,,
True,mp-1100506,Li9Mn7O16,Triclinic,P-1,2,32,0.043295355468738,-2.124165645797413,False,296.576690452663,3.936255620089698,0.5594,False,False,FM,25.9999853,,,,,,,,,,,,,,,
True,mp-1100507,Li9Mn7O16,Triclinic,P-1,2,32,0.044461370468738,-2.122999630797413,False,296.5440668708377,3.936688657778369,0.460599999999999,False,False,FM,25.9993649,,,,,,,,,,,,,,,
True,mp-1100508,Li9Mn7O16,Triclinic,P-1,2,32,0.042901243593738,-2.124559757672413,False,297.1737340378386,3.92834739705917,0.6238,False,False,FM,25.9988446,,,,,,,,,,,,,,,
True,mp-1100509,Li9Mn7O16,Triclinic,P-1,2,32,0.047063991718738,-2.120397009547413,False,298.1800293365599,3.915090045363953,0.455999999999999,False,False,FM,26.0001143,,,,,,,,,,,,,,,
True,mp-1100510,Li9Mn7O16,Triclinic,P-1,2,32,0.040679706718738,-2.126781294547413,False,299.77510781764425,3.894258176005853,0.676099999999999,False,False,FM,25.9993132,,,,,,,,,,,,,,,
True,mp-1100511,Li9Mn7O16,Triclinic,P-1,2,32,0.042654128593738,-2.124806872672414,False,298.64860487641613,3.908947323108977,0.708299999999999,False,False,FM,25.9999985,,,,,,,,,,,,,,,
True,mp-1100512,Li9Mn7O16,Triclinic,P-1,2,32,0.042595684218738,-2.124865317047414,False,299.48837178652707,3.89798661503296,0.591599999999999,False,False,FM,26.0002767,,,,,,,,,,,,,,,
True,mp-1100513,Li9Mn7O16,Triclinic,P-1,2,32,0.039257496718738,-2.128203504547413,False,297.76965896578105,3.920485615077567,0.6052000000000001,False,False,FM,26.0009477,,,,,,,,,,,,,,,
True,mp-1100514,Li9Mn7O16,Triclinic,P-1,2,32,0.027108027968738,-2.140352973297413,False,297.54520100550087,3.923443095828371,0.757799999999999,False,False,FM,26.0011523,,,,,,,,,,,,,,,
True,mp-1100515,Li9Mn7O16,Triclinic,P-1,2,32,0.034462214843737,-2.132998786422414,False,297.3947920546562,3.925427397421769,0.0,False,True,FM,26.0003784,,,,,,,,,,,,,,,
True,mp-1100516,Li9Mn7O16,Triclinic,P-1,2,32,0.033210820156238,-2.134250181109913,False,297.71608747114533,3.921191073341114,0.0,False,True,FM,26.0012063,,,,,,,,,,,,,,,
True,mp-1100517,Li9Mn7O16,Triclinic,P-1,2,32,0.029966664531237,-2.137494336734914,False,297.9781425376711,3.917742605682266,0.6463999999999991,False,False,FM,26.0022196,,,,,,,,,,,,,,,
True,mp-1100518,Li9Mn7O16,Triclinic,P-1,2,32,0.034434410156237,-2.133026591109914,False,297.5274162325519,3.923677620584177,0.0,False,True,FM,26.000302,,,,,,,,,,,,,,,
True,mp-1100519,Li9Mn7O16,Triclinic,P-1,2,32,0.029274998906238,-2.138186002359913,False,298.539977570052,3.910369639885058,0.6008,False,False,FM,26.0017611,,,,,,,,,,,,,,,
True,mp-1100520,Li9Mn7O16,Triclinic,P-1,2,32,0.030637600156238,-2.136823401109914,False,299.5713211142852,3.896907288186436,0.5878000000000001,False,False,FM,26.0023928,,,,,,,,,,,,,,,
True,mp-1100521,Li9Mn7O16,Triclinic,P-1,2,32,0.042738262968738,-2.124722738297413,False,299.51386590905526,3.8976548248900382,0.5720000000000001,False,False,FM,26.0024614,,,,,,,,,,,,,,,
True,mp-1100522,Li9Mn7O16,Triclinic,P-1,2,32,0.030276838593738,-2.137184162672413,False,296.85784421524096,3.932527596392084,0.545199999999999,False,False,FM,26.0004922,,,,,,,,,,,,,,,
True,mp-1100523,Li9Mn7O16,Triclinic,P-1,2,32,0.028807478906238,-2.138653522359913,False,299.2861541848696,3.900620353659232,0.844599999999999,False,False,FM,26.0009961,,,,,,,,,,,,,,,
True,mp-1100524,Li9Mn7O16,Triclinic,P-1,2,32,0.032295857031238,-2.135165144234913,False,298.84195527619386,3.906418238707375,0.0,False,True,FM,26.0010659,,,,,,,,,,,,,,,
True,mp-1100526,Li9Mn7O16,Triclinic,P-1,2,32,0.028142874531238,-2.139318126734913,False,298.0925717235566,3.9162386966976,0.685,False,False,FM,26.000828,,,,,,,,,,,,,,,
True,mp-1100529,Li9Mn7O16,Triclinic,P-1,2,32,0.034619368281238,-2.132841632984913,False,297.72568012403485,3.921064733467226,0.0,False,True,FM,26.0003357,,,,,,,,,,,,,,,
True,mp-1100530,Li9Mn7O16,Triclinic,P-1,2,32,0.033691793281238,-2.133769207984913,False,299.6255278554902,3.896202279349631,0.0,False,True,FM,26.0003329,,,,,,,,,,,,,,,
True,mp-1100531,Li9Mn7O16,Triclinic,P-1,2,32,0.035170448906238,-2.132290552359913,False,297.20917037408464,3.92787901905092,0.0,False,True,FM,26.0006926,,,,,,,,,,,,,,,
True,mp-1100532,Li9Mn7O16,Triclinic,P-1,2,32,0.034801936406238,-2.132659064859913,False,298.19925128928094,3.914837678279109,0.0,False,True,FM,26.0007736,,,,,,,,,,,,,,,
True,mp-1100533,Li9Mn7O16,Triclinic,P-1,2,32,0.043311632968737,-2.124149368297414,False,296.49117812910185,3.937390892870252,0.0,False,True,FM,26.0001849,,,,,,,,,,,,,,,
True,mp-1100534,Li9Mn7O16,Triclinic,P-1,2,32,0.034453261093738,-2.133007740172413,False,296.69805069518696,3.934645549057647,0.0,False,True,FM,26.0013472,,,,,,,,,,,,,,,
True,mp-1100535,Li9Mn7O16,Triclinic,P-1,2,32,0.034891619843738,-2.132569381422414,False,302.2683474785036,3.862136655459498,0.700299999999999,False,False,FM,25.9976084,,,,,,,,,,,,,,,
True,mp-1100536,Li9Mn7O16,Triclinic,P-1,2,32,0.023934720468738,-2.143526280797413,False,296.43601244783935,3.938123627227351,0.9337,False,False,FM,25.99816,,,,,,,,,,,,,,,
True,mp-1100537,Li9Mn7O16,Triclinic,P-1,2,32,0.034770803281237,-2.132690197984914,False,296.7065128063066,3.934533332417918,0.0,False,True,FM,26.0007178,,,,,,,,,,,,,,,
True,mp-1100538,Li9Mn7O16,Triclinic,P-1,2,32,0.034359154531238,-2.133101846734913,False,296.4709063832325,3.9376601192457583,0.0,False,True,FM,26.0013494,,,,,,,,,,,,,,,
True,mp-1100539,Li9Mn7O16,Triclinic,P-1,2,32,0.032987100781237,-2.134473900484914,False,297.0063241910498,3.930561639593116,0.0,False,True,FM,26.0008047,,,,,,,,,,,,,,,
True,mp-1100540,Li9Mn7O16,Triclinic,P-1,2,32,0.025824501093738,-2.141636500172414,False,296.8303843119332,3.932891396168857,1.0164,False,False,FM,26.0003151,,,,,,,,,,,,,,,
True,mp-1100541,Li9Mn7O16,Triclinic,P-1,2,32,0.022888975468738,-2.144572025797413,False,298.6551674166165,3.908861429319926,0.9314999999999992,False,False,FM,26.0013821,,,,,,,,,,,,,,,
True,mp-1100542,Li9Mn7O16,Triclinic,P-1,2,32,0.034973567656238,-2.132487433609913,False,298.3886584791427,3.912352669608917,0.0,False,True,FM,26.0006317,,,,,,,,,,,,,,,
True,mp-1100543,Li9Mn7O16,Triclinic,P-1,2,32,0.033116818281238,-2.134344182984914,False,298.8158413409849,3.906759626072673,0.0,False,True,FM,26.001451,,,,,,,,,,,,,,,
True,mp-1100544,Li9Mn7O16,Triclinic,P-1,2,32,0.032718058593737,-2.134742942672414,False,297.23684667869395,3.927513286546977,0.0,False,True,FM,26.0005171,,,,,,,,,,,,,,,
True,mp-1100545,Li9Mn7O16,Triclinic,P-1,2,32,0.032736448906238,-2.134724552359913,False,297.0329172203729,3.930209740746631,0.0,False,True,FM,26.0005272,,,,,,,,,,,,,,,
True,mp-1100546,Li9Mn7O16,Triclinic,P-1,2,32,0.032755502031238,-2.134705499234913,False,296.7412137334579,3.934073227962508,0.0,False,True,FM,26.0005267,,,,,,,,,,,,,,,
True,mp-1100547,Li9Mn7O16,Triclinic,P-1,2,32,0.032738033906237,-2.134722967359914,False,296.856230325451,3.93254897598762,0.0,False,True,FM,26.0005858,,,,,,,,,,,,,,,
True,mp-1100549,Li9Mn7O16,Triclinic,P-1,2,32,0.024651261718738,-2.142809739547413,False,299.6550164811015,3.8958188596035823,0.8886000000000001,False,False,FM,25.9999654,,,,,,,,,,,,,,,
True,mp-1100551,Li9Mn7O16,Triclinic,P-1,2,32,0.024531816093738,-2.142929185172414,False,297.5782000522501,3.92300801731081,0.8566,False,False,FM,25.9992723,,,,,,,,,,,,,,,
True,mp-1100552,Li9Mn7O16,Triclinic,P-1,2,32,0.030281965781238,-2.137179035484913,False,296.652664380894,3.93524752935637,0.6019999999999991,False,False,FM,25.9988369,,,,,,,,,,,,,,,
True,mp-1100553,Li9Mn7O16,Triclinic,P-1,2,32,0.023977047656238,-2.143483953609913,False,298.4954163239617,3.910953404104866,0.9223,False,False,FM,26.0018709,,,,,,,,,,,,,,,
True,mp-1100554,Li9Mn7O16,Triclinic,P-1,2,32,0.026508679843738,-2.140952321422413,False,297.9504748936946,3.918106406772512,0.9744,False,False,FM,25.9986904,,,,,,,,,,,,,,,
True,mp-1100555,Li9Mn7O16,Triclinic,P-1,2,32,0.028769710156238,-2.138691291109913,False,296.90375671244664,3.931919479592621,0.64,False,False,FM,26.0012392,,,,,,,,,,,,,,,
True,mp-1100556,Li9Mn7O16,Triclinic,P-1,2,32,0.025221059843738,-2.142239941422414,False,297.4397342360458,3.92483427804389,0.8506,False,False,FM,26.0014752,,,,,,,,,,,,,,,
True,mp-1100557,Li9Mn7O16,Triclinic,P-1,2,32,0.024984377343738,-2.142476623922413,False,299.93102447417544,3.892233778177931,0.877899999999999,False,False,FM,26.0016928,,,,,,,,,,,,,,,
True,mp-1100558,Li9Mn7O16,Triclinic,P-1,2,32,0.030909281718738,-2.136551719547413,False,296.4335358267133,3.938156529173296,0.5974,False,False,FM,26.000125,,,,,,,,,,,,,,,
True,mp-1100559,Li9Mn7O16,Triclinic,P-1,2,32,0.032730821718738,-2.134730179547413,False,298.98684333827657,3.904525201000526,0.0,False,True,FM,26.0013742,,,,,,,,,,,,,,,
True,mp-1100562,Li9Mn7O16,Triclinic,P-1,2,32,0.029679906406238,-2.137781094859913,False,298.40968601631965,3.912076984384661,0.6376000000000001,False,False,FM,26.0054194,,,,,,,,,,,,,,,
True,mp-1100580,Li9Mn7O16,Monoclinic,P2/m,10,32,0.039556726718738,-2.127904274547413,False,297.1166491507135,3.929102148663936,1.2156,False,False,FM,25.9975707,,,,,,,,,,,,,,,
True,mp-1100581,Li9Mn7O16,Monoclinic,P2/m,10,32,0.026416659843738,-2.141044341422414,False,298.0203741488968,3.917187433630429,0.925199999999999,False,False,FM,26.0005218,,,,,,,,,,,,,,,
True,mp-766948,LiMn10O20,Tetragonal,I4_1/a,88,62,0.049563402395161,-1.829523352343344,False,710.3143549821132,4.09718898667732,0.0,False,True,FM,62.0020015,,,,,,,,,,,,,,,
True,mp-694894,LiMn12O24,Monoclinic,P2/c,13,74,0.049448143718469,-1.8204669087433991,False,852.7079776504494,4.090193071395238,0.0,False,True,FM,73.9992458,,,,,,,,,,,,,,,
True,mp-1003549,LiMn16O32,Monoclinic,Pm,6,49,0.021766615290818,-1.836543426127141,False,580.1133685223809,4.001490685803589,0.0,False,True,FM,48.9994609,,,,,,,,,,,,,,,
True,mp-1639919,LiMn2O3,Monoclinic,C2,5,24,0.043261889583334,-2.074174675282567,False,245.50764005551736,4.459042134185636,0.2353,False,False,FiM,16.001272,,,,,,,,,,,,,,,
True,mp-1639950,LiMn2O3,Triclinic,P1,1,24,0.04309335625,-2.0743432086159,False,246.397452536672,4.442939243087757,0.5482,False,False,FiM,2.0006432,,,,,,,,,,,,,,,
True,mp-770537,LiMn2O3,Monoclinic,C2/c,15,24,0.045457722916666,-2.071978841949234,False,246.62961133176168,4.438756990130531,0.0,False,True,FiM,4.0900000000000005e-05,,,,,,,,,,,,,,,
True,mp-1097058,LiMn2O4,Triclinic,P1,1,126,0.019906039206349,-2.048200303535852,False,1341.2826111455106,4.02935024518611,0.3479,False,False,FM,126.0000018,,,,,,,,,,,,,,,
True,mp-1097867,LiMn2O4,Triclinic,P1,1,42,0.005044150714286,-2.063062192027915,False,448.98572948876887,4.012375051234392,0.3867,False,False,FM,42.0027427,,,,,,,,,,,,,,,
True,mp-1176656,LiMn2O4,Triclinic,P-1,2,14,0.045545720714286,-2.022560622027914,False,149.57150409421112,4.01480025728763,1.052299999999999,False,False,AFM,2.2e-06,,,,,,,,,,,,,,,
False,mp-1199729,LiMn2O4,Orthorhombic,Fddd,70,126,0.018827985396825,-2.049278357345376,False,1344.4493211348995,4.019859531425769,0.0,False,True,FM,126.0000037,,,,,,,,,,,,,,,
True,mp-1272804,LiMn2O4,Orthorhombic,Imma,74,14,0.0,-2.0681063427422,True,148.65876347556787,4.039450477596829,0.426899999999999,False,False,FM,13.9997267,,,,,,,,,,,,,,,
False,mp-22584,LiMn2O4,Cubic,Fd-3m,227,42,0.044978433571428,-2.023127909170771,False,393.47630577070015,4.578418351855831,0.0,False,True,FM,29.9809722,,,,,,,,,,,,,,,
True,mp-641353,LiMn2O4,Orthorhombic,Fddd,70,126,0.024073433492064,-2.044032909250137,False,1335.3996743324217,4.047101045449025,0.0,False,True,FM,125.9999965,,,,,,,,,,,,,,,
True,mp-756371,LiMn2O4,Trigonal,R3m,160,14,0.046266695714286,-2.021839647027914,False,146.42919690624228,4.10095613311895,0.3099,False,False,FM,14.0001895,,,,,,,,,,,,,,,
True,mp-757975,LiMn2O4,Monoclinic,C2/c,15,14,0.049512803571428,-2.018593539170772,False,149.79628380378216,4.008775771146165,0.6566000000000001,False,False,FM,14.0001956,,,,,,,,,,,,,,,
True,mp-771290,LiMn2O4,Hexagonal,P6_3mc,186,28,0.027356706428571,-2.040749636313628,False,290.9677313069375,4.127603500381824,0.0785,False,False,FM,28.00091,,,,,,,,,,,,,,,
True,mp-1284451,LiMn3O4,Monoclinic,P2/m,10,16,0.048926755625,-2.047293109640804,False,168.72379332243796,4.640443636507977,0.0,False,True,FiM,18.0005626,,,,,,,,,,,,,,,
True,mp-1291590,LiMn3O4,Triclinic,P-1,2,16,0.049930566875,-2.046289298390805,False,168.44582810942651,4.6481011838534165,0.0,False,True,FiM,2e-07,,,,,,,,,,,,,,,
True,mp-34650,LiMn3O4,Monoclinic,C2/m,12,16,0.047139429375,-2.049080435890804,False,168.65610757892742,4.642305957904246,0.0,False,True,FiM,17.9996325,,,,,,,,,,,,,,,
True,mp-1003637,LiMn3O6,Monoclinic,Cm,8,10,0.029378997508326,-1.968481301712644,False,102.20862543874496,4.350042690634552,0.337099999999999,False,False,FM,10.0005936,,,,,,,,,,,,,,,
True,mp-1176672,LiMn3O6,Monoclinic,Cc,9,40,0.018217079508327,-1.979643219712643,False,441.64470075411936,4.026873939620978,0.5949,False,False,FM,40.0021048,,,,,,,,,,,,,,,
True,mp-753228,LiMn3O6,Monoclinic,C2/m,12,10,0.036078143508325,-1.961782155712644,False,113.59415498708476,3.914038394494576,0.919999999999999,False,False,FM,9.999861,,,,,,,,,,,,,,,
True,mp-763655,LiMn3O6,Triclinic,P1,1,40,0.019893407508326,-1.977966891712644,False,440.26720970653537,4.039473067330886,0.308799999999999,False,False,FM,40.000194,,,,,,,,,,,,,,,
True,mp-1003315,LiMn4O8,Monoclinic,P2_1/c,14,52,0.034245027826923,-1.923153954042882,False,586.66845177497,4.015718995470923,0.1557,False,False,FM,52.0036031,,,,,,,,,,,,,,,
True,mp-1004762,LiMn4O8,Orthorhombic,Cmc2_1,36,26,0.045495789942307,-1.911903191927498,False,273.89630135109053,4.300707300929174,0.0,False,True,FiM,26.0000001,,,,,,,,,,,,,,,
False,mp-1195443,LiMn4O8,Cubic,P2_13,198,52,0.045207331288461,-1.912191650581344,False,581.4895509797306,4.051484058255047,0.0,False,True,FM,52.0037498,,,,,,,,,,,,,,,
True,mp-1281247,LiMn4O8,Monoclinic,Cm,8,13,0.030077929173076,-1.927321052696729,False,145.61514322090346,4.044729816084933,0.178799999999999,False,False,FM,12.9991394,,,,,,,,,,,,,,,
True,mp-35530,LiMn4O8,Cubic,F-43m,216,52,0.048668408403846,-1.908730573465959,False,522.0976291328523,4.512366106218777,0.0,False,True,FM,44.007058,,,,,,,,,,,,,,,
True,mp-752921,LiMn4O8,Monoclinic,C2/m,12,13,0.043138456096154,-1.914260525773651,False,146.5847620449003,4.017975014883592,0.5743,False,False,FM,13.0000021,,,,,,,,,,,,,,,
True,mp-769702,LiMn4O8,Monoclinic,C2/m,12,13,0.03694923301923,-1.920449748850575,False,149.66098085339388,3.935387220507514,0.0,False,True,FM,12.9999321,,,,,,,,,,,,,,,
True,mp-770866,LiMn5O8,Cubic,P4_332,212,56,0.038091442142855,-2.02116634949918,False,585.1692378361189,4.649599722223883,0.0,False,True,FM,79.9998368,,,,,,,,,,,,,,,
True,mp-1176651,LiMn6O12,Triclinic,P1,1,57,0.04545273127631,-1.869355390223836,False,658.662580695323,3.997636993882728,0.375299999999999,False,False,FM,56.996597,,,,,,,,,,,,,,,
True,mp-758753,LiMn6O12,Monoclinic,C2,5,57,0.0491392675921,-1.865668853908046,False,672.3212404506576,3.91642230031127,0.0,False,True,FM,57.0006453,,,,,,,,,,,,,,,
True,mp-1176738,LiMn7O14,Monoclinic,C2/c,15,88,0.043286694397734,-1.858937763811389,False,1011.333215950246,4.04242628517679,0.0,False,True,FM,87.9993324,,,,,,,,,,,,,,,
True,mp-1016165,LiMn8O16,Monoclinic,Pc,7,50,0.02584797543667,-1.866812898671264,False,581.8878050773939,4.009095949696769,0.0,False,True,FM,50.0020865,,,,,,,,,,,,,,,
True,mp-36240,LiMn8O16,Orthorhombic,Pmmn,59,50,0.047369138036671,-1.845291736071264,False,574.5650680284268,4.060191216494742,0.0,False,True,FM,49.9984224,,,,,,,,,,,,,,,
True,mp-1002572,LiMnO2,Orthorhombic,Pnnm,58,16,0.042556031874999,-2.117313932191093,False,152.33653420155892,4.093248672822287,0.9368,False,False,AFM,0.0,,,,,,,,,,,,,,,
True,mp-1004373,LiMnO2,Orthorhombic,Pnma,62,16,0.017628958124999,-2.142241005941093,False,144.76859734879667,4.307227726607941,1.0854,False,False,FM,16.0000011,,,,,,,,,,,,,,,
True,mp-1275540,LiMnO2,Triclinic,P-1,2,32,0.046363431875,-2.113506532191093,False,299.7530056234994,4.160434122392626,0.0,False,True,FM,32.0010508,,,,,,,,,,,,,,,
True,mp-1284778,LiMnO2,Triclinic,P-1,2,32,0.0438812209375,-2.115988743128593,False,300.48265680504693,4.150331490495558,0.0,False,True,FM,32.0030328,,,,,,,,,,,,,,,
True,mp-1288099,LiMnO2,Orthorhombic,Imma,74,16,0.020898541874999,-2.138971422191093,False,149.44041983527868,4.172574709909072,0.0,False,True,AFM,2e-07,,,,,,,,,,,,,,,
True,mp-1303262,LiMnO2,Triclinic,P-1,2,32,0.046531427812499,-2.113338536253593,False,299.1439778953944,4.16890435722509,0.0,False,True,FM,32.000928,,,,,,,,,,,,,,,
True,mp-1311873,LiMnO2,Triclinic,P1,1,32,0.049965399062499,-2.109904565003593,False,301.01428440053974,4.143001503630701,0.802999999999999,False,False,FiM,24.0054884,,,,,,,,,,,,,,,
False,mp-18767,LiMnO2,Orthorhombic,Pmmn,59,8,0.015280235,-2.144589729066092,False,73.66558151360204,4.232311098553819,0.35,False,False,FM,8.0000003,,,,,,,,,,,,,,,
True,mp-2506805,LiMnO2,Monoclinic,C2/c,15,16,0.029270926249999,-2.130599037816093,False,158.1690921698239,3.942308246755185,1.664499999999999,False,False,AFM,0.0,,,,,,,,,,,,,,,
True,mp-25542,LiMnO2,Monoclinic,Cm,8,8,0.02195722,-2.137912744066092,False,79.16496129822029,3.938303677645428,1.4906,False,False,AFM,0.0,,,,,,,,,,,,0.82370079828649,11.39506159790426,6.785762490301127,4.609299107603133
True,mp-2861076,LiMnO2,Orthorhombic,P2_12_12,18,16,0.03998728125,-2.119882682816093,False,152.00074278022612,4.10229124567144,1.9855,False,False,AFM,0.0,,,,,,,,,,,,,,,
True,mp-37620,LiMnO2,Tetragonal,I4_1/amd,141,8,0.014194381249999,-2.145675582816093,False,70.50624272073735,4.421958201011033,0.0,False,True,FM,7.9999996,,,,,,,,,,,,,,,
True,mp-531604,LiMnO2,Monoclinic,Cm,8,80,0.016325155249999,-2.143544808816092,False,778.2470281238267,4.006127192969279,1.268199999999998,False,False,FM,80.0205784,,,,,,,,,,,,,,,
False,mp-556415,LiMnO2,Tetragonal,I4_1/amd,141,16,0.001944805624999,-2.157925158441093,False,146.93689924170033,4.243667313389961,0.0,False,True,FM,16.0000007,,,,,,,,,,,,,,,
True,mp-675370,LiMnO2,Orthorhombic,Pmm2,25,56,0.015345056607142,-2.144524907458949,False,542.5105703452874,4.022833336060233,0.896799999999999,False,False,FM,56.0003766,,,,,,,,,,,,,,,
True,mp-754656,LiMnO2,Monoclinic,C2/m,12,4,0.0,-2.159869964066093,True,36.738538046608326,4.243169091621241,1.150399999999999,False,False,FM,3.999999899999999,,,,,,,,,,,,,,,
True,mp-755562,LiMnO2,Monoclinic,Cc,9,16,0.035489803749999,-2.124380160316093,False,156.4312314658221,3.986105016242326,0.0,False,True,AFM,4.599999999999997e-06,,,,,,,,,,,,2.508949845946726,17.21823682,12.033204926666665,5.185031893333334
True,mp-756475,LiMnO2,Triclinic,P-1,2,40,0.049811869249999,-2.110058094816092,False,380.4014567972079,4.097981916873238,0.5065000000000001,False,False,AFM,5.980000000000002e-05,,,,,,,,,,,,,,,
True,mp-756747,LiMnO2,Triclinic,P-1,2,24,0.032085480833333,-2.127784483232759,False,225.03652601010432,4.156334046066459,0.0,False,True,FM,24.006314,,,,,,,,,,,,,,,
True,mp-779788,LiMnO2,Triclinic,P1,1,48,0.043251827708333,-2.116618136357759,False,452.5783364959385,4.13332631829456,0.0,False,True,FM,48.0014862,,,,,,,,,,,,,,,
